{
    "higherAmplitude": 900,
    "lowerAmplitude": 15,
    "erosion": {
        "noise": "FwAAAIC/AACAPwAAAAAAAIA/DQAEAAAAAAAAQAkAAAAAAD8AAAAAAA==",
        "frequency": 0.000095231,
        "spline": [
            0,
            0,
            0.15222222222222223,
            0,
            0.18833333333333332,
            0.15555555555555556,
            0.28888888888888886,
            0.1577777777777778,
            0.4027777777777778,
            0.24444444444444446,
            0.4905555555555556,
            0.2466666666666667,
            0.5311111111111111,
            0.34444444444444444,
            0.5866666666666667,
            0.40555555555555556,
            0.6372222222222222,
            0.37,
            0.6855555555555556,
            0.36777777777777776,
            0.6927777777777778,
            0.45333333333333337,
            0.7366666666666667,
            0.45777777777777773,
            0.7538888888888889,
            0.3866666666666667,
            0.8172222222222222,
            0.41000000000000003,
            0.925,
            0.5577777777777777,
            0.9733333333333334,
            0.5955555555555556,
            1,
            1
        ]
    },
    "continent": {
        "noise": "FwAAAIC/AACAPwAAAAAAAIA/DQAEAAAAAAAAQAkAAAAAAD8AAAAAAA==",
        "frequency": 0.00009171428,
        "spline": [
            0,
            1,
            0.026111111111111113,
            0.8344444444444444,
            0.14555555555555555,
            0.8233333333333334,
            0.23722222222222222,
            0.7566666666666666,
            0.2777777777777778,
            0.6444444444444444,
            0.385,
            0.6411111111111112,
            0.4911111111111111,
            0.508888888888889,
            0.55,
            0.3355555555555556,
            0.7355555555555555,
            0.29555555555555557,
            0.7816666666666666,
            0.07777777777777772,
            0.9111111111111111,
            0,
            1,
            0
        ]
    },
    "blendFactor": 0.6,
    "yOffset": 0,
    "detail": {
        "noise": "FwAAAIC/AACAPwAAAAAAAIA/DQAEAAAAAAAAQAkAAAAAAD8AAAAAAA==",
        "frequency": 0.02454,
        "spline": [
            0,
            0,
            1,
            1
        ]
    }
}
