{
    "higherAmplitude": 200,
    "lowerAmplitude": 25,

    "noiseEntries":[
        {
            "noise": "FwAAAIC/AACAPwAAAAAAAIA/DQAEAAAAAAAAQAkAAAAAAD8AAAAAAA==",
            "frequency": 0.00099231,
            "spline": [
                0,
                0,
                0.2025,
                0.0010869565217390686,
                0.2975,
                0.37717391304347825,
                0.41875,
                0.44565217391304346,
                0.468125,
                0.5141304347826087,
                0.515,
                0.6358695652173914,
                0.616875,
                0.6880434782608695,
                0.773125,
                0.7108695652173913,
                0.830625,
                0.807608695652174,
                0.924375,
                0.8402173913043478,
                0.961875,
                0.9391304347826087,
                0.98375,
                0.9434782608695652,
                0.9925,
                0.9771739130434782,
                1,
                1
            ]
        },
        {
            "noise": "FwAAAIC/AACAPwAAAAAAAIA/DQAEAAAAAAAAQAkAAAAAAD8AAAAAAA==",
            "frequency": 0.00066171428,
            "spline": [
                0,
                1,
                0.049375,
                0.7967391304347826,
                0.150625,
                0.7695652173913043,
                0.294375,
                0.6989130434782609,
                0.315,
                0.558695652173913,
                0.38875,
                0.4532608695652174,
                0.50125,
                0.40326086956521734,
                0.545,
                0.28695652173913044,
                0.624375,
                0.25652173913043474,
                0.664375,
                0.07826086956521738,
                0.716875,
                0,
                1,
                0
            ]
        }
    ],
    "weightFactors": [0.4, 0.7],
    "yOffset": 0,
    "detailEntries":[
        {
            "noise": "FwAAAIC/AACAPwAAAAAAAIA/DQAEAAAAAAAAQAkAAAAAAD8AAAAAAA==",
            "frequency": 0.01454,
            "spline": [
                0,
                0,
                1,
                1
            ]
        }
    ] 
}
